ticker,alpha_score,alpha_percentile,weight
NVDA,0.497974575355571,0.95,0.2
JPM,0.4959223014406461,0.9,0.2
JNJ,0.37207741534511535,0.85,0.2
GOOGL,0.30324685407945945,0.8,0.2
V,0.609297618409947,1.0,0.2
CAT,0.2486531771043308,0.7,0.0
AMZN,-0.48367802031786633,0.15,0.0
AAPL,-0.10453150843575215,0.45,0.0
COST,-0.2486180041007951,0.25,0.0
KO,0.27233979687451426,0.75,0.0
IBM,0.0836389691560866,0.6,0.0
HD,-0.4896148317559682,0.1,0.0
META,-0.11216512104330606,0.4,0.0
MA,0.2475233403411325,0.65,0.0
PEP,-0.008323908162711058,0.55,0.0
MSFT,-0.05693654607449555,0.5,0.0
PG,-0.23164842129260657,0.3,0.0
UNH,-0.7739019083968683,0.05,0.0
WMT,-0.21436918807091315,0.35,0.0
XOM,-0.40688659045552134,0.2,0.0
